,0,1
0,1.0049393793778447,2.3198872657967686
1,3.4126531931162036,-1.6371574513719007
2,7.483318428533593,-1.3992495901139879
3,0.7028255008881609,2.038150199532228
4,0.28762047077207553,2.191703186505555
5,4.223994274062635,2.02926177079173
6,8.064554421413224,-1.8093321004086766
7,3.3131635463480307,-1.8208009445302655
8,8.370278479453361,-0.7078214316926419
9,1.9912978200147124,1.544230003080724
10,2.483295469794449,-2.106476328527027
11,1.0603313378059658,1.5870848775319544
12,8.056130422193773,-2.048261142080571
13,0.3941891455783727,2.565585931546941
14,4.420363090275853,0.9247116183635274
15,3.081560095051281,-1.8093495121315417
16,3.432479407406594,-1.6806436320191687
17,7.347950387930234,-0.9173716466655985
18,3.5504772462755696,-1.515727590825092
19,4.553417355205245,0.6505531929364644
20,0.1788079318233139,2.5407756995447754
21,2.972377817554918,-1.4249772373437508
22,3.4951318907629223,2.1061604967802476
23,3.451776565141005,0.34713829950623953
24,2.791019286825789,-0.5509142758409562
25,0.8149601527802806,2.7142496458723855
26,1.5202150601683173,2.8907785910934414
27,3.70605974322575,1.5969160104354059
28,0.24675002426106973,1.4279527871911983
29,4.017002925024098,-0.12957165154749406
30,3.293820811780339,-1.5035587897081764
31,0.5846787539555655,1.5671099231761738
32,2.64978050913555,-1.563949994096646
33,0.20793122198366598,1.6929637897551872
34,2.4955668397388546,-1.57539098098815
35,4.19583242596098,1.6835378212422856
36,5.542483044263982,-0.24214060212240152
37,8.337441607936244,-0.5406037860245628
38,3.596969435430194,-1.6154864619308078
39,7.798563157070663,-2.0080613809239227
40,8.36839920967086,-1.9397052121218508
41,4.6700149549127135,0.026507040145445915
42,7.828526703507014,-1.6488896892958487
43,3.002882560256041,-2.148267452052602
44,3.0859169773557307,-1.2511530703214717
45,0.05432763150280295,2.1342119021777193
46,3.3559923800108913,-2.5445827733208315
47,4.031755845137558,1.6173757181361004
48,7.323516925076407,-0.6855209515045136
49,4.28807198504184,1.2751015213562091
50,4.0654242388511115,0.5938078632151577
51,2.3388182964944724,-0.674985629904044
52,2.8416419636300128,-0.8677550242832175
53,3.4566007652549957,-1.5943702668334783
54,1.460911785347323,2.1077864039858802
55,4.400344228427324,0.9668608115849622
56,3.191700279421594,-0.6737186776464266
57,7.599219788624961,-1.9747691575123043
58,7.91975756010528,-0.7569521511865416
59,1.5364147416146479,1.8383079529639061
60,8.22078658163925,-1.7499226024466115
61,0.17694274852750336,1.601989885613498
62,2.261337689512068,-0.8704038183555391
63,8.707881464945094,-1.7164236957801886
64,3.8079242042529815,0.5294171853174312
65,1.2261520032007358,2.3088157447966076
66,7.409747409216794,-1.6593139629450064
67,0.3283039734280788,2.031706726810106
68,2.279664906717794,-1.1913246243873747
69,1.0453523331488432,2.372633692482827
70,4.111121412490357,-1.4075103165787928
71,1.1741523462272352,2.6081125601192268
72,0.504336642247322,2.1228020399767504
73,0.8821845249852446,2.8404687728441855
74,4.932570621029222,1.2754842434923916
75,0.38231171525333396,1.9217813152871257
76,3.420686322970238,0.3849636359360047
77,7.730565992670934,-2.092131567808329
78,3.8191982348785767,0.8652378759408902
79,1.6633088675416494,1.276055488135024
80,0.416765528701312,2.2179696322152647
81,4.233302599597523,0.563890656252497
82,7.779645528975061,-2.026072007711408
83,4.161034289606786,0.6178804371672775
84,9.23790581252856,-1.1910086492500302
85,7.531695895736901,-1.6781222692980367
86,9.082966014518616,-1.0562366154905114
87,3.198865205946878,-0.23503213767955589
88,0.6684483905677067,1.9691198144030857
89,3.7375183023751215,-1.5304604567218445
90,2.3219279308705914,-1.4640073315255766
91,4.889770749338617,1.1012350653926113
92,2.7957398584490365,-1.8109205685233927
93,2.316281108911248,-2.121306571598195
94,3.8270055348054908,0.7685204099581091
95,2.3998689125280532,-1.6676268341671556
96,0.5933229828009833,2.303722333709035
97,9.251597167033642,-1.2890228469804494
98,7.08609065579787,-1.4770296966311274
99,6.838350995310644,-1.0894125200927258
100,5.413345564535995,0.7151779475135126
101,3.696287514788857,-1.4109758812816875
102,4.7645287720880125,0.9984735116925848
103,8.311264258060051,-1.1723144938276853
104,2.621953629066824,-1.5908956174180404
105,4.797889819826628,1.4393444092746954
106,1.3756669249567397,2.469524936062707
107,4.356318072279505,1.5459225627019515
108,0.8887973281420299,3.198305705768888
109,3.4018205220708784,-2.537614366476835
110,4.544980945515211,1.0524173341686671
111,0.7924738185417248,2.6135126190995477
112,8.011542854231488,-1.4023775931453004
113,-0.05194772514373658,1.1873207874113414
114,0.7843627918072665,3.0154282126821332
115,8.922363438533742,-1.0106700480623831
116,4.950433611034148,0.8960491427454316
117,8.124708380844915,-1.7881876607922407
118,3.2100914569213503,-1.2307175607069871
119,7.745067832829058,-2.934656607643668
120,3.747191394369006,-1.7730352288901026
121,2.358340123394915,-2.3830666244781002
122,8.665972050390087,-0.6409547976412775
123,3.5954080169749427,0.6697869960051712
124,2.783826594016305,-1.3214476024498087
125,3.1715734061391196,-1.1015882680016214
126,1.3593217668443192,1.9579364528868635
127,0.6827952146500228,1.3667009545269968
128,3.282677766976961,-1.3789146400704377
129,3.5753408855919178,0.5635675119292857
130,3.8553144405839355,0.7280986900906466
131,1.4043362439006886,1.1045833835423167
132,1.0185516279605966,2.1920995165073185
133,3.827916909823787,0.39996744956660624
134,4.463200112428131,0.7054882562849794
135,3.7243268861371788,-1.5335853896263056
136,8.832451132352457,-2.016739803235548
137,0.15328890020420038,2.1811772081867113
138,3.7021925683818773,-1.120369793069275
139,1.7804568336233397,2.2739562709771812
140,0.23916566707579,1.8047811115018575
141,3.865380675729495,0.300174593292449
142,2.932456809815791,-1.7319108717794338
143,0.543884434767319,2.258703074998336
144,0.7076704829066727,1.814488838352772
145,3.6867890655516025,-1.9867005726000553
146,7.735768134276823,-1.6015436944664563
147,1.2266605382367248,1.5177780651863817
148,0.08860906846491634,1.480979037542268
149,7.240483000614782,-1.520387635291415
150,1.1132131538460106,2.3584996845792836
151,4.653559535300366,1.0349050591754083
152,7.106929646825991,-0.5027594270550675
153,0.8446383460184439,2.188745419838042
154,2.96185352053771,-1.105833989951688
155,4.282730221326588,1.5381375140451645
156,1.1265134124634393,2.1142942655221635
157,2.7841067515508953,-1.885054280291822
158,3.0283910201552504,-1.0055002075306487
159,4.960570352275645,0.5030685258408754
160,4.339142680957368,1.4649819720392148
161,4.116411976772974,0.28185692303198295
162,7.705162146207094,-1.6842829903358287
163,4.735807583053382,0.9824796672862747
164,8.059364846593141,-2.0850635597017555
165,4.501561116725033,1.1105762165342414
166,6.452359902615481,-0.5415580719227543
167,0.11923586636389294,2.0113957338639596
168,1.4230810672056409,1.7736810796654139
169,7.9603017334195725,-0.28565998309676555
170,0.9045629998599742,2.048580154327773
171,3.9057003556311254,0.9171985638912357
172,4.12954906696607,0.5584740862298454
173,1.0018907717301508,1.7379456092992087
174,1.26753924751363,2.832957441949608
175,3.89568040505028,0.9053716514693532
176,0.2027417488275195,1.885949995418617
177,3.473845122318286,-1.1768832091291261
178,4.023935869406825,1.4480668558118808
179,7.731102057458501,-0.7445613713555874
180,0.9802775554799452,1.6030448417245173
181,6.628990654490067,-1.5524777540214165
182,7.99135951264368,-0.844673743605294
183,2.4218026323934394,1.8416966256047942
184,3.0665060884132176,-1.4750324988173493
185,5.44132083306674,1.869221394823855
186,1.0159722930563573,2.1144679937223554
187,3.2711277054176264,-2.5650696501519565
188,6.738074034464027,-1.3028753754608335
189,2.333856680799074,-2.3108169269754657
190,2.9787265493340493,-2.1300911366312207
191,7.954172001381886,-0.44284355999137837
192,3.7638535443708103,-2.6363824495871757
193,2.0497180604796377,-1.984320935258471
194,1.0785720943759967,1.601371404104429
195,0.6555881498854561,1.8079044686701522
196,7.81211683164331,-0.8119508527338883
197,7.423798922944781,-1.12548323869436
198,4.289242970249963,-1.3755415448546302
199,4.844283219620902,0.2771801740764812
200,7.89511320766672,-1.197104230003918
201,7.719381685967385,-1.0606753969377587
202,1.250598617408699,2.4411002486364537
203,4.727731228363559,1.1900899168511363
204,3.464269664671105,-1.3476758172267
205,0.9451366942956578,2.0281995392168772
206,2.5531497935639504,-1.3834517649977458
207,3.2615330814474524,-1.7855618157283597
208,6.710871917596953,-0.8767628217828569
209,0.6262534945964818,1.1874148830428808
210,7.549725353852793,-0.8932195896552093
211,2.658423074186056,-1.5932583149068298
212,4.306049860900152,1.3953443680108966
213,3.333613700861889,1.3603489942050504
214,4.196633872195992,0.41817617703190235
215,0.010074071959984665,1.983023538234232
216,7.223909325938516,-0.6851046929962893
217,7.594401770365693,-2.174008643038724
218,8.368496481385037,-1.9855928929070839
219,7.470170945191315,-0.86813543326991
220,3.2289907986236797,0.7572369486187405
221,7.65990349134674,-0.542183597315832
222,0.9877327961416144,1.6694959894211436
223,8.813025477616911,-0.8676237708327195
224,7.309540904777722,-1.0719911882866984
225,1.216370679859354,2.5500018531714197
226,4.9004239622376895,2.019593685019202
227,3.8097218134129536,-2.2453606306050453
228,5.082494801839049,0.5694546096078248
229,8.29765854323792,-0.6861786449937569
230,0.8522733775848831,3.1484165801491217
231,8.3684633328397,-1.80467353158993
232,3.892901272884202,1.2176750632530244
233,4.70964730441629,0.5947624315191664
234,4.446649216147777,0.40964898405191874
235,8.466752101744797,-1.3742560982122758
236,9.224562396045162,1.032740354234119
237,0.7393012507823241,2.0220559926194444
238,0.663428043546632,1.6802510870220753
239,4.315987836471536,-0.442234211738213
240,3.0206283884244503,-1.915136129051561
241,-0.14884899399443619,1.7860073135695784
242,4.23412496402777,1.2725151449560081
243,2.7545166006460744,-1.485744476733509
244,3.2570425828549934,-0.6282749968301674
245,4.581456680763854,-0.0018489296331316574
246,0.7590026953821389,1.5277711441318331
247,4.712744038417366,0.3557243734758163
248,7.232373357067591,-2.6604400145603986
249,1.6318974221899099,-2.130839452098448
250,8.928023580095399,-0.8582050661227616
251,7.145197353750488,-1.8614037694023073
252,3.206464171353897,-1.2805429384298768
253,8.57942434553801,-0.07719916738546195
254,7.152319293452308,-0.6046741463908264
255,3.022690317072024,-2.3670577380986706
256,4.554178620067491,0.046012471496406526
257,3.5313176547983645,-1.2600351957775553
258,7.413419960325908,-1.3084367963132493
259,3.252060733680455,-2.440564867524417
260,4.0334900616441,-1.4998044996586068
261,7.592848683867194,-1.9082382592877345
262,6.537601426603919,-0.8402893710765769
263,4.163707330522175,0.7908014116834698
264,3.2255127754165622,-1.5040275827649445
265,0.8301840704022052,1.0423295047700187
266,3.4725426745082286,-1.2751895481662205
267,7.382009559377434,-0.9795339762793986
268,2.677290566595282,-1.250427416601152
269,5.1511839510708555,1.5383155566676492
270,5.1920962023090445,2.130035294434726
271,4.360159265079731,0.8982059060302726
272,2.7045853965680515,-2.324839130022343
273,3.7692382776510733,1.1409798931808588
274,0.7709400697590248,3.526005352877924
275,4.465729940412847,0.634682846464384
276,7.506607703158073,-1.6616848323969329
277,1.0883947182808458,2.375788223940341
278,2.302277910357654,-1.0667097428861747
279,3.999227599207451,-0.986871467563462
280,0.6356146574631324,1.4356816602976004
281,0.4039666653613678,1.6876920781079165
282,1.2217203362528204,2.316152296071573
283,0.9240770256431456,2.2337761338058453
284,4.2140066032517876,0.5595293627076758
285,2.327356859969414,-2.7386280644539385
286,3.4988892920985646,1.3434263941851898
287,4.273736870877497,0.5215475622913954
288,2.8673482834166863,-1.5488623889716535
289,1.6404678215130009,2.049233638311469
290,7.607727543254078,-1.3546037444597896
291,8.021798841893881,-2.070598925522563
292,4.237857659862802,0.8545319740864948
293,2.553276728350886,2.343936597266179
294,2.2438247966875213,1.1057708346438229
295,1.3501210581316825,3.112027197884796
296,4.529913239958925,-0.22625935075285386
297,1.4268976195557432,1.5916043916459568
298,7.665421350967843,-1.5594629871193058
299,0.9855281222248867,2.897994830396705
300,-0.02728877986513556,1.5413379364923523
301,3.5934589433323993,1.4402218649880547
302,4.546644414672689,0.8971248946785149
303,7.89037318370892,-1.5730715278048826
304,3.1474411433672005,-2.641393976178628
305,7.428462112917212,-1.6905668764886987
306,2.0425178229747276,-1.9185608828311331
307,3.886431989701259,-1.3904964431358169
308,1.272734853798175,1.585847341291624
309,3.3552401817642665,-1.666280417533864
310,7.975534863438985,-1.1617918836722112
311,2.3713720347499314,-0.8378936648072296
312,0.4223946475988468,3.082650654238856
313,0.5117090988646935,3.0079244356800983
314,3.716489411833128,0.6657586530402531
315,2.1866719633468046,-1.2271158401547257
316,1.2025044055728236,2.635328328132754
317,5.084895065187389,1.3901609772673682
318,7.4807642142881825,-1.5889161196582624
319,3.7153670309804547,-1.427385899629783
320,1.9328603240472524,-1.965428164792737
321,7.332794260010471,-1.3669282457497882
322,3.816028857445619,-1.6984795041130092
323,4.548264429193056,1.3796469327539564
324,1.979539480429263,-0.8565339338089912
325,4.180692369188909,1.8727175224410586
326,2.943550093263263,-0.6348345287705269
327,1.7819225490209796,2.5863800461582342
328,7.436435044746379,-0.9501198878430686
329,2.3849693346818146,-1.074584603084525
330,3.657527885805993,1.0210219224726271
331,6.8888957745179855,-1.6455706408644386
332,7.242602002860427,-1.1527407147448634
333,0.9573363341563639,2.067904734238116
334,3.4295801222977436,-1.9081622763934658
335,2.344127207873753,-1.8461002988686024
336,8.099173409341873,-0.9149284129038244
337,8.190749470110635,-0.8019756824865609
338,6.541046191544917,-1.1145122829715863
339,7.488234907843473,-2.34270350599437
340,1.7311508493446932,2.19061651957416
341,1.4789932430757673,1.660511865910801
342,4.557364500473685,1.293697221547154
343,7.519205049507169,-0.9645819811329917
344,0.05685528411435059,1.564771662863142
345,7.252069264825684,-1.1036577355190775
346,0.20529344174673125,0.5055895416509113
347,4.131655012014446,0.9509672077721477
348,7.785464244493589,-1.5581482399152207
349,3.5628918352361985,1.6599104892724754
350,2.8058567942472554,-0.9323585090109983
351,0.8791019055735615,1.3924975629169953
352,0.36151901854942214,1.6233032021477412
353,7.883891949901914,-0.7027426775475706
354,2.349838014758809,-2.0280196273367954
355,3.4500010732827793,-1.5223335142310106
356,8.744389391977398,-0.4726681621386689
357,1.4929457570490403,1.679933300367326
358,3.6682241608591837,-2.1343783048681892
359,1.8434430435145674,2.1147904389517795
360,1.6566536578516904,1.246219668779206
361,4.4939528946033,1.689087953957876
362,6.929340229254709,0.7356888347201866
363,3.757019516608444,-2.5164341978721847
364,3.0129425694044416,-0.6859899636187582
365,0.7346007200435188,1.9783223370162568
366,4.545746051546338,0.7039876539152945
367,3.586836997027291,-2.989442628741519
368,6.877993448776806,-1.8487120688954004
369,8.45792689368014,-0.6588595844659715
370,4.857111330388306,1.3447177007541433
371,8.134910581044654,-2.0405709828429694
372,7.63847935160811,-1.113286945307526
373,1.5604107440808228,2.4934785956590897
374,1.2887324169583065,2.258202805643947
375,4.913999922296337,0.4128811349398239
376,7.731055913136774,-1.3712321057843277
377,8.105633314030001,-1.4468621367871977
378,0.8193998196679404,2.5176713541108837
379,7.893810541828266,-2.8042889135911766
380,0.7419174708375131,1.8894078144233757
381,1.3155268639728004,2.170904919332714
382,3.815991534315944,0.5445074454154193
383,7.626909307892328,-1.4806438372202604
384,1.7586932920114295,2.2206279258233117
385,0.7495875252646858,1.9116895667474714
386,3.382041115682056,1.255667542384771
387,1.89070016287659,-2.4466566452799823
388,3.8955822872725197,-2.0363477368381018
389,0.7130488935177358,1.7154036091935465
390,2.3670916777303534,-1.379170356456046
391,5.11975645245608,1.468463156903348
392,2.5641343078059933,-2.1130412452631004
393,3.2739618130950663,-1.5022546775355776
394,0.07081357969949054,2.240266269008485
395,4.796630889663277,0.9673554565336734
396,3.5904203543261484,1.4245830790692742
397,2.3140629483259927,-1.3977597326381386
398,1.9020550841443629,1.4550693120606546
399,4.421721767885661,0.5388432832696777
400,2.0962475869048287,-1.3328900943337503
401,2.7378801151704457,-1.993240838514986
402,8.163223135807854,-0.7608556211410515
403,4.430685535087517,1.7353167813997548
404,2.2798224984403586,-2.6053774958420437
405,4.0409427464816785,0.670478769495503
406,1.8507820745964563,2.2894864875380514
407,7.705540292531697,-2.160240450497671
408,7.801091295767285,-0.33399305617591823
409,3.7952107638013746,-0.6679633587523309
410,2.8686617694458323,-1.5155507508925885
411,1.362500651378234,1.7487118126935202
412,0.8423963911227633,2.0740280496494194
413,3.6441468530978733,1.2021253972398727
414,4.847414122413621,2.096805454802437
415,2.507241327648867,-2.0517015264152123
416,1.889454591703725,-1.6471161012248978
417,3.478816551397579,0.7638737317944047
418,1.6951013678617461,2.631683560509274
419,2.8899935677133888,-1.2500226867572215
420,3.1193890941763107,-0.6851971691617594
421,7.551297581463399,-0.7126308830219301
422,0.23852122340473914,1.7255683936504538
423,1.318288464636995,2.6646666903581386
424,4.567422348207112,0.0815155229231318
425,3.1582006720923466,-0.8646876387446153
426,7.4816413382219995,-0.7304454828554954
427,7.455066820051561,-1.6894332057159342
428,7.2624943610712505,-1.1879172528878525
429,4.0938213086949276,0.3583089085611092
430,3.6377239671821453,-1.0029169115796581
431,7.599614178165528,-0.3441753373764841
432,-0.2774657131439864,2.1508178024570994
433,1.181011949990646,1.6669586623242216
434,4.316598061754519,0.6768600957499853
435,8.175581639106237,-1.8527887002159358
436,2.342857573197186,-1.4992229778484945
437,7.629032638331819,-1.1642626943140346
438,3.6479504222100867,1.2138741061434821
439,1.2514858232827712,0.8481393298860527
440,0.7425200809318742,3.010929974083368
441,4.244897093662615,1.144224837972438
442,2.8612467574864118,-1.2470762685927181
443,6.991879766956017,-1.1705230624184189
444,4.072493471223025,1.086625375150681
445,1.8132381964688218,2.20332713582086
446,7.630935369299912,-0.851052554875009
447,5.105704097110225,2.2742116481149086
448,3.6029312288036714,0.9527003876099976
449,4.0627187657234325,1.0827257638987469
450,8.976264046750462,-0.7780090785413136
451,3.6420435996751683,1.4082603166323944
452,2.8324150108275012,-1.2039062512561993
453,0.3649955779563756,1.597998814279379
454,3.77040451259112,-0.032460850750164916
455,4.673919260084357,1.1891246944144258
456,-0.290675694703427,2.134414574905325
457,3.9952469478843966,0.5811382984634927
458,0.32607668824870417,2.1516642353247417
459,8.637201070129167,-1.7867014769249523
460,7.390168718651363,-1.7327881996760697
461,3.4411124431674427,0.5177837242026293
462,3.672659265917386,0.6717595175520809
463,3.6816545106850693,-1.8120090767194545
464,3.3853129934129176,-1.7449666812915363
465,1.6659012736807972,-0.7722574827242824
466,1.120750308836433,1.7806831648591623
467,4.951558482670483,1.667669017416367
468,7.370061550877612,-0.10668485572425168
469,5.214744029661813,0.8310581806243633
470,1.2162891641247726,2.17928182845768
471,4.272246949686663,0.6184816554761903
472,4.027355455015258,1.3760999277656436
473,2.287048022137084,-1.58883166409893
474,2.4355720189142107,-2.307112112552909
475,2.659033656670312,-1.8258309843735712
476,1.185120794396874,2.6787253856599134
477,0.616578033130103,1.8143329947332718
478,2.6199173354954124,-1.6877098832607724
479,1.0788571861524685,3.056818005259059
480,4.951304164315884,0.9622162155336238
481,1.3578154617346563,2.646458026796798
482,3.941763209689716,-0.6199204032913144
483,3.4482985797889185,-0.5926979883026093
484,2.982922556148055,0.6949515657664177
485,7.145044813087606,-1.8619687992286786
486,5.229596084692432,0.5325322807117071
487,3.1675420419826166,-2.248389198144565
488,2.3014385435499713,2.0823479306920842
489,8.235272740991707,-0.5122573904736621
490,4.397809640611809,0.7574539519114838
491,2.255407869853566,-2.0121345324096254
492,7.483250242538505,-1.5504814371670923
493,0.9898503364273367,1.0620610984470713
494,2.6315104990911853,-1.3134819037875147
495,5.375309623791891,0.9825700909789874
496,8.172061748740177,-1.4790864860022825
497,4.785261164926227,0.8154680559756669
498,1.5720068433066001,1.889173724568545
499,1.6887942707924388,0.7604263830561238
500,8.777642362788333,-1.1018818004013595
501,2.512525964755085,-1.0199066514214032
502,4.544686760502563,-0.367492356650547
503,2.9991550592471112,-2.041525587050042
504,7.6302706490311625,-0.45283099915152736
505,8.073999145012074,-1.3046932449637125
506,3.5218416749810006,-0.06914364013904328
507,1.953490165792688,-1.4885662982317984
508,3.316368690948313,-1.5552706426396536
509,3.756117230967215,-0.19115177135188022
510,3.2100446442970823,-1.6395809664067895
511,5.128765767284184,1.513426242280453
512,7.507046671062394,-1.1788567303183424
513,2.2164248129399065,-1.9882135090267914
514,4.200859528715041,1.2902360748655473
515,0.4148114155552153,2.5733793164616667
516,1.478131349968078,1.3192945257949087
517,3.3874295898383093,-1.7656512723764102
518,4.3374865327862375,0.7893385592700715
519,8.347193474002921,-1.475162602881944
520,0.1341287789185467,1.1665199441144989
521,1.4593281900037554,1.7671181004359227
522,2.4381261615308287,-1.2811729462792907
523,2.703334842151964,-1.2532121917256722
524,1.8145742990780238,-2.799609880163367
525,4.0577575115268605,0.40960232499554483
526,-0.6270796246749979,2.3630176295295438
527,0.4047337645760573,1.451645406680643
528,8.130042648750782,-1.5176780596143296
529,0.3792366652765151,1.8114856431658404
530,2.411712897411567,-1.5569535981006266
531,2.893871026122143,-1.27619179129151
532,8.078508179552285,-2.2766050084763236
533,1.2354574910896134,2.506435474039195
534,7.179722051845976,-1.9056585121296576
535,2.3526261080092534,-2.028417653710878
536,7.827509854881178,-0.8878926537063045
537,3.6163733210681026,-1.1697238286065297
538,4.361580141001108,1.074627222018047
539,0.5408737981056937,2.4168921152904757
540,0.9074665104056724,2.095762875777362
541,4.086142627856107,0.595676822337917
542,8.344929142523862,-0.30307164810682763
543,3.443187753217953,-1.7069080086289596
544,2.3537201197588,-0.5901362538484212
545,7.7093467273635365,-0.9883845370767903
546,3.3492205606500978,-0.8170322788228812
547,0.03966890472666784,1.4363780452437234
548,4.770281540947536,0.22459286251653932
549,8.490863341260074,-1.066719173373098
550,8.045619567378813,-1.9642104748305735
551,2.259921213077491,-3.158711631815474
552,4.015171056371917,0.5994175427615478
553,2.258621187332743,-1.349858543240788
554,2.6923062817503673,-1.9705411947280225
555,2.7212293109552728,-1.50286113929324
556,2.8001418823669977,-0.3468456300610616
557,8.38862089817634,-1.8006315985562718
558,4.4926776501578845,0.39360733627980427
559,-0.27997554554651427,1.5174456879015699
560,2.1737524594884605,-1.2762236632982566
561,2.5251401803345725,-2.1378716085620164
562,3.5262655538004197,-2.1011988721871515
563,8.122145153211475,-0.06379580580101063
564,4.314274822863424,0.7029505764360892
565,4.163257846641668,1.6340781859459743
566,3.9467812265387483,-1.2471299870917916
567,0.3167520215936739,2.34352221910355
568,2.903152607147695,-2.1882421277661597
569,2.629375056809485,-1.9893745936458445
570,1.8357065069552945,2.1522030817757787
571,4.244664861276819,-0.9789828586705989
572,7.932123808986601,-0.9682053844950891
573,6.519250004624798,-1.1436319455252348
574,4.417054485524687,-0.1854978049614091
575,7.824199782317659,-0.5615236535754154
576,0.9604920775979074,1.8018786269577154
577,0.5761149229382398,1.2270090700485166
578,4.513580001644295,1.3233829771838221
579,0.5863235372830256,2.7256507107548766
580,1.9066096896983333,1.4511684700534877
581,7.423728307288973,-1.8473465617043976
582,3.9910737400677236,0.5848939185854836
583,7.179524306165763,-0.7035133257635396
584,0.7819585628115581,2.788098497108397
585,2.132624152789958,-1.6123727344952101
586,-0.17887390295589567,2.0858400876396517
587,0.6725302194815332,2.494721927285804
588,3.626980528566386,0.8156299564101152
589,3.304553481379748,-3.397017968181381
590,3.051597255195215,0.23055373183641126
591,4.154112179351821,1.4812488369906769
592,7.422392332409116,-1.551901708393343
593,2.206949794590061,-0.8899439112007488
594,0.5916459360845667,1.9511891831891504
595,4.381177073902836,1.4137244158530171
596,4.0816418630257845,1.2559699341669135
597,9.188030234924572,-1.4859296933970199
598,2.662556933670254,-1.5102467342466046
599,4.120809144735738,0.24550697159060453
600,0.8457904903113086,1.9573145521329707
601,0.781757639008033,2.299116817638602
602,4.571023277985268,0.8461003365845057
603,5.0846441704472465,0.2687753201638824
604,2.4249615511214064,-1.4773373939281849
605,8.373160331891155,-2.2285333853378284
606,3.5574383525632562,-2.5185861985736118
607,3.877950547940257,0.8108677578101608
608,0.4908063834661887,1.9311006950985032
609,6.931913204698762,-0.7077621162207324
610,-0.16786914003916054,2.296842840110899
611,0.1690228301623814,1.3718626055626988
612,3.002285403317899,-2.256549961669422
613,0.6540205821820377,1.0694883453145125
614,2.8957521428260824,-1.5085760645975352
615,2.6599810271346565,1.5420977309400057
616,7.320857892896354,-1.1648172845633407
617,0.6888358321523652,1.9016929199043169
618,7.3121649769791,-0.9689022602091919
619,0.3803034600859948,2.3566644654777456
620,0.9964499456537754,2.6793192684651
621,2.969745436113734,0.5900990368467607
622,4.362525014695966,1.2477635341302828
623,0.4030181871412361,3.0261000828330133
624,1.0456249716947374,2.307818491938272
625,4.77476184019269,0.29238860529043065
626,1.2126143781254664,2.216681965338626
627,5.025215236719037,1.7144444869831275
628,2.4321063157090554,-1.011441497550587
629,3.4883824795354026,-0.8943972678585518
630,2.034488504253229,-1.7671133022299594
631,7.3033322533187315,-0.7695078568061029
632,6.632384759650305,-0.6828671897799702
633,3.8625050038184656,-1.651875075078903
634,3.545946317987025,0.4166255320698684
635,4.278946840513609,0.16040164324420692
636,7.5945176103338445,-1.3030159865818558
637,0.257018453326473,1.2314419908623409
638,4.669093628133661,1.1480762918818628
639,8.309402980712889,-1.8751455663740644
640,4.334954564926074,0.43189105991654975
641,3.444864515972641,-2.059046608992231
642,7.587529798630509,-1.6537907911467602
643,3.791329883867355,1.1641106995370358
644,1.5368529551967338,2.5076624016199656
645,2.79438184620188,-1.4832972737596315
646,9.00291685042539,-1.1286175310628588
647,8.438111530998569,-0.8465183704407007
648,7.148644436896036,-0.4970545850943314
649,3.258686676868975,-1.3975721809486945
650,0.08563034504930889,1.8464904078803706
651,4.978438838154611,0.6214284778616286
652,1.8520490915251773,-2.509958188666981
653,1.0528935240757844,2.010466734482188
654,7.940237762329736,-1.8502152288884837
655,2.822474910400507,-1.9731073180424292
656,3.2207715351374238,-1.9178977386565739
657,2.9186313348062147,-2.0003653213758956
658,2.8481487976104716,-1.3836950706628042
659,2.0470791624185076,-2.080598002220002
660,4.335086375004975,0.3136400748894247
661,3.2443691127479277,-0.9543902646826464
662,2.074219398498516,-0.8009939373757224
663,3.234440690997712,-0.9217456411058432
664,4.656142955088286,1.4638745038119205
665,2.0058586902178845,-1.8857942847317968
666,4.676002306454498,0.6884765901417265
667,3.7644220335690686,0.46088664547988967
668,8.441716547516899,-2.130496815828999
669,0.370749454251893,1.9104648465610152
670,1.2956185137454412,2.264169062577963
671,7.701004595403837,-1.1868542666456183
672,3.7665312869705367,-0.5004020636939122
673,1.09390338541055,2.554857965111565
674,8.118856747353036,-1.6238216437272248
675,3.1372371374679044,-1.8775291784086985
676,3.2832596663258373,-1.7435718940658251
677,0.7771785515405375,3.663610025894278
678,4.988448447442934,1.491024433121897
679,1.4262261965865197,0.25849980529630656
680,2.61366139947392,-2.4617031301319434
681,2.751447426287257,-2.4327009768628844
682,5.751259535174639,0.6745800581609721
683,8.478840404014448,-0.905685870838478
684,4.2107812715938895,1.5446212592107438
685,5.03047450125801,0.34911805885832226
686,4.455285303694513,0.4254672166550678
687,3.7582956819989235,-1.605276250818977
688,1.2789183758703342,2.5829014865808997
689,4.125112799807353,0.8965417319943216
690,0.5413971912707364,2.0665425964974324
691,8.26253117649982,-1.4211346463821861
692,4.378020475988494,-0.2804917641771918
693,1.1487024667234524,2.915279023162073
694,3.457262698085959,-1.8191588722489995
695,1.4180296372229935,2.0862124870948113
696,0.9780114135072224,2.1182118204841855
697,0.1397599126868443,1.8508521151061197
698,5.474252564587464,-0.04749203582851247
699,2.7386265009911614,-1.1074223209906893
700,7.081995086596693,-1.0092781230276548
701,7.060259265013317,-0.4557791430694015
702,2.27194390225626,2.3793413372731744
703,5.657821425827316,0.8816698688482055
704,7.215561150466773,-2.5371268616846887
705,0.11201637213932836,1.1655375068884526
706,2.9927439739590502,-1.33142424503753
707,7.85597387609103,-2.2035821517355085
708,4.6199898525211855,0.9814468178970408
709,7.8368911343907355,-0.758334846881888
710,7.497415417770692,-0.6161919255678814
711,0.5012985035517417,1.8747971955472618
712,0.9492348439985676,1.782819303923515
713,8.179036225964646,-2.2200665139697704
714,1.2222685919138214,1.2646371155484188
715,1.8258825581324434,2.1828197492954
716,0.8583706348512471,2.4942628776511135
717,4.709932148466537,1.2320253170133557
718,3.177584834233119,-1.0618900552874033
719,2.476101494568434,0.740836679656713
720,0.5741840778861429,2.5087116947696035
721,4.412590384979083,0.7127563654652063
722,4.936458363607072,0.33381850564016957
723,2.716533875183223,-1.9977164600795725
724,4.525820860156902,0.73660066098877
725,6.89178214411269,-2.117335892694943
726,1.0435645891794318,2.51776969767584
727,0.0281930934957787,1.5669908314940946
728,0.047701570482552524,3.051632057369586
729,5.082600510844123,1.6364406814787191
730,7.619990058602063,-0.9407184358904768
731,2.540092005169014,-2.8342629253388507
732,4.170182267139297,1.3166442452580966
733,4.283241959129217,1.205909536553856
734,2.7503042597660996,-1.8207390266457213
735,4.069057096143981,0.9417883674672582
736,8.878774340448048,-1.1643598160855595
737,1.1469040356406128,2.2258562328316445
738,0.925903316733033,1.3676672655284121
739,0.9173489085061639,1.60545331461114
740,1.3228808238041927,2.668002367333176
741,7.2509595546158,-0.8452858315246043
742,8.084264575607127,-0.13399441289263447
743,2.4365303582946365,-2.6052027824592763
744,4.567213102051616,1.302257213379007
745,0.8764856161761875,1.3850977891848437
746,7.403459156867108,-0.6060397645622458
747,3.914184570810157,0.7073708609380702
748,7.177305032601726,-1.4965381681759493
749,8.132970417020852,-1.317232834512647
750,2.6095404911651734,-0.9339596689762872
751,6.9975388730976995,-0.7952259665926176
752,-0.109549357759257,2.189818854012287
753,0.7136041943217342,3.2637036143839584
754,2.897197233680084,-2.086893757358059
755,0.8077287048980533,2.313730202400263
756,8.591385214551803,-1.762037470943301
757,8.148994576840881,-1.2811886855987833
758,2.548209587339035,-1.2585767607490066
759,4.537843321061146,2.1498174634969116
760,-0.1931829182922049,2.379731672613112
761,1.6186823733384408,2.2992617739130066
762,5.469960038837965,0.2723960354779992
763,1.467306974213868,1.8133545373231579
764,2.4796680039983467,-0.9456573773552182
765,3.3554900691013785,-2.5423262757063707
766,2.911430761973945,1.1484127713485028
767,1.157528431828743,1.4925393827420068
768,1.2168484433422515,1.1263149277234525
769,3.2357825314180975,-1.6942929764037236
770,0.71203710420792,2.2261418809134956
771,7.479347825233079,-1.7733486240945
772,1.08453190287043,2.337527408340767
773,1.7953474421089162,1.161108288688499
774,2.7238077778430685,-0.737821413789322
775,8.341013293515783,-1.070788321642018
776,7.72001749096405,-1.7927353635983287
777,4.95823716810909,0.6566484033587623
778,7.651180983546384,-1.5618028996653182
779,1.5887040448064162,0.3888520341764179
780,0.038022365977471995,2.018284690129549
781,0.9486445421605615,1.4482030709695848
782,4.91589095447787,0.9099456842070115
783,3.0341813034901706,-0.048310853112686125
784,3.955026241332195,0.7677996870473571
785,4.873335211583331,1.1746161323111195
786,0.8374275578971172,2.8116088284581675
787,0.5189484948898226,2.4287790056158767
788,2.8498352829474825,-1.5359070654407243
789,3.9976116836682127,0.7441475704361071
790,1.8392194286594794,2.0626067116161684
791,7.728385926703236,-1.7961286972874424
792,2.9511775965994045,-0.6534192421197994
793,3.3855585800885595,-2.3488197143936707
794,7.986438164933529,-1.3169480020996707
795,7.585002341836401,-0.6349295619946557
796,8.251937240524326,-1.1562826932666959
797,1.0208631982047127,2.8502759531649673
798,1.5872912899582112,1.7969903743014022
799,3.3339028142577707,0.7642110292921757
800,8.06843330402254,-1.2738169318407722
801,3.2680242174787053,-1.4025735771753334
802,7.315758736237111,-1.2843385060483614
803,3.118945633450722,-1.877360141298857
804,1.705396303871317,1.4718257878213794
805,4.088055430524065,0.5727938098809244
806,2.3697255553468586,-1.3013475577614173
807,3.309758266055218,0.9994484096506079
808,7.3324733222223735,-1.1666370443215242
809,0.9552661829197988,1.9660078300926704
810,0.7215726270043104,3.0996451889700767
811,0.29874862299881844,1.4526738941041097
812,4.069215302335829,0.5848249291142831
813,1.5743338380146183,2.1999898999642493
814,7.83320232535458,-0.9813437118342452
815,4.306962915228007,1.4692215057763724
816,8.499174899352221,-2.220420236199687
817,7.8983469804849635,-0.46572743963644847
818,0.7909757737161294,0.9198503854424731
819,8.312789746703238,-2.085159890446936
820,4.389024410560731,1.1987650793151563
821,2.918422217335787,-1.196989892844071
822,3.774336036318439,1.7677522043274405
823,1.0770501336093474,2.088370334301017
824,7.800806080614366,-0.7525803496874345
825,8.797178193267875,-1.2982288121661283
826,3.879283908942044,1.378612348733041
827,8.094440327328329,-1.278320250020326
828,2.5557099997216683,-1.3621156910544387
829,3.172433832193645,-1.6598486521443059
830,3.473768954211357,0.5409116514683445
831,2.0588035944941003,-1.2268939957075238
832,8.023880321829882,-0.8708560222720573
833,3.112057720098594,-1.5163946452549744
834,4.376792337344087,1.4328927136346912
835,3.234849614025035,1.0933118968373237
836,7.327133908866477,-1.4543064931957055
837,7.295992252585671,-0.7976405922322881
838,-0.19848316704477376,2.5813035856471496
839,4.494118256563171,1.5223774234020502
840,1.974332943072981,1.9584433996662105
841,8.57594643710963,-1.7786646125950019
842,4.711772233995451,0.5533172670420281
843,2.766255858108159,-1.7334218871023341
844,2.5916658435234567,-1.1842381199440117
845,1.718112649414032,1.9922797008215059
846,2.131300039068395,-2.2120448647442132
847,0.9129067849689465,1.7341054227131711
848,3.147203934004299,-2.398047330880954
849,1.7449546789171153,1.5009203119468766
850,0.6617717430854692,3.1200626580168778
851,0.07383153831277978,1.0914037077629783
852,3.435171095463683,-2.4522769037017125
853,7.802304618203802,-0.7164798579732694
854,7.916272373044537,-2.1361331439407594
855,7.530056512486802,-1.883398913309371
856,3.312242875515989,-1.459261248480463
857,2.3553766296678855,-3.0743344603355904
858,5.0996188654606085,1.1552129830701285
859,5.33179296043801,0.9353251153517164
860,2.654797586512359,-1.7104755582809406
861,1.929054537513415,-0.5154286316263232
862,3.860968781924977,0.9616744039071337
863,7.409588955569895,-1.9978588836630755
864,3.268017766049384,0.4883823093198226
865,-0.623069017312601,2.4548478090746007
866,4.076298789720436,1.0453588024305502
867,7.966202047914596,-0.4508793262142162
868,0.35328358702274065,1.5809537083330316
869,4.243018435717951,1.7729396961212849
870,3.0617963124402703,1.8729608052413163
871,4.616569576413818,1.8698836557911833
872,2.181300409086878,-1.6125166404659843
873,2.5445469782800894,-1.2229025976048722
874,6.906182333439995,-2.125298780076184
875,4.531328647569742,1.18733814495531
876,8.13806616073939,-1.0056671687487555
877,2.622844196525006,-1.5363715434945024
878,0.1301669957209819,3.463255739748815
879,2.8492811654096966,-1.511156042504953
880,4.178808074101593,1.3222245685154597
881,4.56078644976664,0.9593607415433021
882,3.021285744870636,-2.0262156337119426
883,7.129576123024944,-1.7201368237888857
884,7.004293465381275,-1.5631009477234823
885,7.731970625377418,-1.5813315820428202
886,7.91295732018582,-1.93125014967516
887,8.442816321680796,-1.6952697048307637
888,4.471244786083862,1.2541482761376592
889,8.293584895533147,-1.5419452259991686
890,8.233839060957328,-1.445492390388115
891,1.082303204745596,2.179629969617049
892,2.7388883599356224,-1.0316806739693964
893,6.911125232519178,-2.4418174544429205
894,0.4648048825948834,1.856006155023583
895,4.350743432545387,1.4566089606050932
896,1.809963072334319,-1.0456729699775957
897,2.3859137052994552,-1.5858007399454637
898,0.5381290934621052,2.31659521701027
899,3.7079131608906417,1.1445351017362726
900,4.360398281038634,0.7453421930377297
901,7.068351711329182,-1.9469248470684288
902,0.7018725826429459,2.362969395988532
903,1.147889761718499,1.3330264061130102
904,3.2228617726895066,-2.692978123993999
905,3.807759438117411,-1.331078959385711
906,3.220864250210827,-1.6010937887571237
907,4.985922145010007,0.8947002581395026
908,3.5127498056615494,0.9359047131927061
909,6.584800734424677,-1.1261319545033825
910,0.4875997998647278,1.1782279084760332
911,4.592676211712467,0.6981124937588385
912,2.491257903258456,-1.5631215098573086
913,0.8109235697776953,2.2709701611754842
914,1.9391910585493648,2.336298661999109
915,5.124345671332418,0.922040874180327
916,0.3052916438633454,2.4134114101816504
917,7.9615988791028505,-0.6684723073636689
918,7.467876879420459,-2.07710276515552
919,8.053678751269612,-1.0645337369639252
920,1.522604693229086,2.148068821620677
921,2.3863023721085512,-0.7590168008450923
922,3.376924669381823,0.3761408701127562
923,2.1848164605162594,-1.5170091210333867
924,2.43801057830166,-0.38919467604201907
925,7.18012925083722,-1.4837961295252418
926,1.5234502167257624,1.7416958715937911
927,7.431261512856111,-1.4973946122391444
928,4.11326147109027,0.9411181478661785
929,4.531278368781439,0.9660578302296307
930,8.032033923182462,-2.1666255213853205
931,0.5974178595553785,1.338275438271682
932,6.945365083620794,-1.2457507752966501
933,9.131467880664035,-1.827893685772592
934,3.15614600320299,-1.7783532089065988
935,3.647828889578887,-1.824381309949031
936,2.3423290257487697,-1.749002511930127
937,2.54198812744367,-1.8040403024344762
938,7.079702314361761,-0.9113858290154742
939,5.461506559738582,0.6774506081311121
940,3.736417850114615,0.753847676614223
941,1.7533589111494967,1.7817723127532568
942,2.233230258980892,2.253288590139065
943,4.037485671555271,0.7454828246609844
944,3.3160192072879515,-2.6751496157388095
945,8.599953032150705,-0.5632670074604894
946,7.7218092583545195,-1.326389674626186
947,7.93065117368134,-1.3932476723248826
948,1.9699239435304485,-1.565100906495635
949,2.7432573833693072,-1.0605378349611323
950,4.302956301807333,0.9425902662772407
951,1.144464205676502,0.9703811655339272
952,0.6514345837432145,2.8960744202080537
953,7.934407653194413,-2.0947497627743523
954,3.565840991618644,-1.041059574733237
955,4.62733684222348,0.5143204338793053
956,0.47087984409226374,1.8603065464405786
957,5.349388595841768,1.1468378810308237
958,0.8558787128697755,2.0736286160359887
959,0.7366400188123081,2.513965993252998
960,0.5691527995302779,1.3895809892511908
961,2.2008199972550373,-0.4466263557457688
962,1.284696824013863,1.7357735699074373
963,4.469910470956067,1.4976481706845721
964,0.5822793040767731,2.617106647564354
965,3.9525286048817265,0.2084565746239514
966,3.725020119208153,1.2507194422790895
967,0.4549045917931989,2.354503696420037
968,7.800224299620231,-1.6917572949806474
969,7.531316046739496,-1.9865834021333821
970,0.8059990058106916,2.266957485329505
971,7.741921224182172,-0.5034762425565557
972,2.0659228456301513,1.2361697950977768
973,4.714487991563904,2.015902790697975
974,0.4176141742871761,1.8145266954861685
975,8.811318910236949,-0.654062088352583
976,8.104069945087188,-0.06761796546032284
977,3.95831454556055,1.2889090044181502
978,7.815662127482795,-1.1008859180050847
979,7.707530873518501,-0.7550099606678676
980,7.713055292155692,-1.4479110334912844
981,3.4556313165468184,-1.636647001736076
982,4.63566656597294,1.884266928090418
983,4.485949670125591,-0.11828391501620295
984,2.418707765402848,-1.6228678858761312
985,8.517292862165437,-0.8967452912553888
986,0.818122851145706,2.609545457621246
987,1.04058377515116,2.5459846201438756
988,3.173035820460721,0.6488428941358256
989,2.5792915155236296,-1.9346598387483918
990,3.210904615590917,-1.5980559873519609
991,1.4331479923368549,2.3888451292587565
992,9.01198850314994,-0.7457270262583544
993,3.3614132822683183,1.3622587575842517
994,6.464160346367807,-2.396536197548139
995,5.0372543696778465,0.7343639103625873
996,4.173748445103067,0.6942503489259702
997,1.0938412171806113,1.6546353496172383
998,3.3631266928633177,-0.003310637194201993
999,8.290954020706534,-1.1238553471187362
1000,3.846892000361416,0.8011676608977774
1001,3.743017513601261,-1.7844295912097918
1002,5.0497789581214825,0.4165966536426321
1003,3.475369349994337,-1.1047526804358725
1004,3.048920505211085,-1.261196344973862
1005,4.667579042064018,-0.6192332642515495
1006,1.6519954504353334,1.5421232470823596
1007,5.298665735219303,0.1923539675053051
1008,1.9068167039818193,1.6546398890905425
1009,4.653122082287145,1.5339731454342118
1010,8.181633551680786,-0.950548127373122
1011,0.5590830399566407,2.0041981599212346
1012,0.8435173501384865,3.34501224235325
1013,0.38516690344932414,2.075121372116134
1014,6.290338439580035,-2.081195873948068
1015,2.2550681730097573,-2.606766722101952
1016,0.6285846562155013,1.7017301295267881
1017,8.117083350844844,-1.7268774307104007
1018,2.956594338425549,2.474590313498699
1019,3.913171971468302,1.4903684456881097
1020,6.624490894629064,-1.5514602078848811
1021,4.436091920902694,0.9488477021503542
1022,1.1243191617763675,3.0342259779522407
1023,8.157652764315412,-1.4289126466601985
1024,0.5837130939069999,1.767122296389944
1025,0.20345329144841617,2.1709858947631098
1026,3.8175771554163807,-1.8593827614725968
1027,2.6247425288803474,-1.719659375456711
1028,7.694643403047842,-1.5368821879425714
1029,3.345691999159685,-0.49268624782154835
1030,8.017266645915289,-2.2594850376688864
1031,7.334575717520889,-1.446398510704877
1032,8.599886738409845,-0.7289406603433928
1033,7.823866340458836,-2.331817532308203
1034,4.535928826163947,0.4389901418302897
1035,7.12728865183088,-1.4165244436266227
1036,2.473920749553967,-0.7213308069156935
1037,2.912087919413378,-1.2863726057594327
1038,3.608135017608442,0.7391326889538825
1039,2.8419406623494887,-2.5254078043216097
1040,4.92145062471805,1.4391136477526023
1041,3.1226125135767777,0.176943085789794
1042,8.439124255900122,-2.18546437984371
1043,7.103389721482662,-0.5413421560571917
1044,7.812374020698222,-1.4022458560344386
1045,7.393565312738145,-1.6234033282804545
1046,3.655828422430336,1.6522516318103992
1047,8.033173480943315,-1.8031916186064305
1048,0.5751136388030997,2.369224564645724
1049,0.9275780198978304,2.4679963561377307
1050,7.308002408281838,-1.1696231052156734
1051,3.430667898560592,-1.7534321646574784
1052,1.2570873757636472,2.682281546734492
1053,0.6587747826878918,2.868533142989529
1054,2.9406798694052316,-1.7870366128618058
1055,0.4376407472157967,2.0561501215801243
1056,7.319382689866117,-0.6118267751408485
1057,4.454677976461312,-0.396901945462222
1058,7.685006009585504,-1.7039530690035887
1059,4.541439278422326,1.8300601764561586
1060,0.7343846063270119,2.5871624450486475
1061,2.401576413067358,-1.4634032270518382
1062,8.498192668524823,-1.4933290337506153
1063,0.6448671075431285,2.5165299080725627
1064,2.874539006130122,-0.3501678196028961
1065,2.845857588075458,-0.7250723038282293
1066,2.082979099690591,-0.9663961641220705
1067,0.6528548345139987,2.2069496246843707
1068,3.5786431352084573,1.1043581078925964
1069,7.689177737358121,-0.5070263395404642
1070,0.3708812900164148,2.57784459073585
1071,4.318554602597137,1.410130374789174
1072,2.096935204130088,-2.0306834815258203
1073,2.4919697520454602,-0.765045163033323
1074,2.9350545638457923,-2.2827764192650672
1075,7.644982685345551,-1.221858467879757
1076,1.0443297335149164,1.4867743644887503
1077,2.8469797907131675,-1.544817686203725
1078,3.4239327307668814,0.48825152302397334
1079,2.7986532243306437,-1.7956529162712296
1080,7.167716478718624,-1.8704733810553655
1081,2.916156599737722,-1.3545496257418297
1082,4.952948458534749,1.0950504525134754
1083,3.2413790258016406,-1.4665552879845274
1084,8.746861983603281,-1.184264398044331
1085,8.32647225413789,-0.9020950165142156
1086,0.8992063693968428,1.7653177959454136
1087,4.869743762430087,0.5534499130327548
1088,4.4640178490579,0.2005559327124259
1089,0.9559951991396877,2.184246875808534
1090,7.703596224213577,0.06491543254755183
1091,2.853079959264548,-1.8441064085831984
1092,0.9930388644133228,2.199187784970045
1093,7.263177363478055,-1.9242094302693489
1094,2.7640921251193373,-1.1672823897085272
1095,2.9649906764376284,-1.9188748343786388
1096,2.7952788991912945,-0.44875289967694854
1097,3.958625566287348,-1.8995536318427317
1098,4.815318491125129,1.8562173078910016
1099,3.276209763975178,-0.9261054028138677
1100,7.877924461181985,-1.4541968074192122
1101,4.810405113289319,0.24100876724839426
1102,4.122405677103188,0.7438739881017237
1103,1.4320666687967738,2.4293396870875075
1104,8.684853751346402,-0.13510804909386276
1105,7.560522523420104,-1.7697023263460974
1106,1.9330730960393052,-0.6925836329775426
1107,8.455834207729264,-1.0660618906303834
1108,0.5429537976792791,1.5526606962881107
1109,1.9532763139072165,-0.8785775370066131
1110,3.3995882885198268,1.7478604827946709
1111,3.2707049105770105,-2.5275719489524477
1112,3.793111111138719,-2.4897471311384978
1113,2.390148002946292,-1.7276769767943787
1114,3.5261325898320792,-1.3272250827792325
1115,8.77885820616273,-0.5996222082939063
1116,3.0440978813110107,-1.0807719039169033
1117,3.1153094465140336,0.44359862996842747
1118,8.1384568487096,-1.1869487785797679
1119,1.4170554136274487,1.2328115319070416
1120,4.539625087836445,1.1079758120223222
1121,7.037343368246897,-1.6238907378800442
1122,3.858488315204525,1.4949317978621983
1123,1.9401320996840599,-1.164421968956295
1124,8.434949925760014,-1.06449228176304
1125,8.203231436551395,-2.2758333683556233
1126,4.025184712587095,0.4943852461415181
1127,1.3956553553865987,2.233307424929346
1128,1.1973626000191326,2.815714514324072
1129,4.574348004531939,-0.07726427151613646
1130,4.1387397877458145,-1.730113324489144
1131,4.495023919214202,1.5287853728149865
1132,1.2638987185211845,2.0704988840767533
1133,5.3214962711452864,1.2451872492004825
1134,3.8901178167184276,1.7949891874079777
1135,4.4092786994260065,0.5802362864660453
1136,7.259396676075022,-2.417998847324008
1137,3.3425527340843413,1.3514089491628076
1138,2.6182322047198996,-2.5377413885462703
1139,0.7701498330757514,2.0912043313026434
1140,1.4848040384055627,2.226875037619749
1141,7.13274581438111,-1.9956506544655084
1142,8.027249885522037,-0.8093248256288579
1143,2.0239224564002276,-1.9908195193559686
1144,3.766806742886576,-2.3146138179517806
1145,3.7705551730362115,1.1215408551375687
1146,7.539103991390042,-1.196749911540679
1147,8.060471967533687,-2.6064519553676355
1148,1.6435482505057875,-0.6359486540019329
1149,7.070868395000944,-1.1650086239720427
1150,4.885425352343197,0.2139790794550549
1151,3.9996975148691774,0.26295452387607776
1152,4.259432527680141,2.594004510084643
1153,3.8468432944944544,0.1675148249690228
1154,4.06687761902832,0.8618779823976555
1155,3.407165442877159,-1.534974894836339
1156,2.663609312203437,-1.119163293762856
1157,0.6979766010266111,2.396342872787444
1158,1.9398806707188976,-1.282059223614204
1159,3.1423753129156045,-1.5271544090694775
1160,4.695958484712606,-0.5555238109539522
1161,1.0410838206859958,2.0256730793443345
1162,3.619669546887413,0.26969270105691656
1163,1.033167947099551,2.631601856107215
1164,1.3521446579747791,3.175277410431854
1165,7.597748748791704,-1.282443207732794
1166,3.3635905009314286,1.0001301192983922
1167,3.431167922689131,2.3381228529390596
1168,-0.020818438501758685,2.035275951725786
1169,1.1904472695357395,2.554078156223739
1170,7.415869251058339,-0.25636587520695775
1171,2.2123812685701854,-1.6399734624999462
1172,4.517076403094651,-0.08485299185972339
1173,7.5570621616430875,-1.8185665420128685
1174,1.5666410537063782,2.4201613779932627
1175,8.27904273552141,-0.5957279854660136
1176,2.764599789620461,-1.436413089422349
1177,2.976532742786434,-1.4082071125119846
1178,7.053527966034546,-1.4525917957088677
1179,3.0413603435735705,-2.1832410472625483
1180,2.5705313773671983,-1.504033213114265
1181,7.290040619890339,-1.4743262402106712
1182,4.263506834679677,-0.0031839026942948045
1183,7.609229291877927,-1.080737879237624
1184,0.9541790401240248,1.9362281833408506
1185,0.38016768010309654,1.7747716172381658
1186,7.6512189235367325,-2.08965409447732
1187,3.6677778338154616,2.35862009715686
1188,2.177984608260659,2.6387889949184
1189,4.049196754861649,0.43101213097106317
1190,3.8058085689256127,0.7214720970867756
1191,8.277972923689923,-1.4117754238388058
1192,1.6002882987102298,2.2887239027523103
1193,2.3239887316048513,-1.304200481632482
1194,4.2394041616736855,0.9392942372891067
1195,4.236860064535418,-1.5207927019946612
1196,4.696945565881949,1.636065836078763
1197,8.0001102128108,-1.5632194284945495
1198,1.0118505944943006,2.2757944590462396
1199,3.307367440326832,0.9099764355069384
1200,1.1453861522056417,2.228739824600165
1201,1.2864443345438699,3.0061598378422887
1202,3.1022411296364774,-1.335432973170136
1203,0.48016258832820846,0.9572503911761918
1204,0.5028930330812357,2.6623729812293915
1205,7.899971434640852,-1.718355333138036
1206,2.457113106291034,-0.49847313135946636
1207,4.831894674696859,0.852127872848112
1208,7.368254732047026,-1.3953048280922635
1209,7.985528359771469,-1.2901696736998607
1210,8.028059695352528,-1.789498957594001
1211,1.0421361657830999,1.57561408170702
1212,3.163459259317696,-1.2169995466528498
1213,8.833783890304233,-0.10265019941188513
1214,1.0679253925679442,1.3275468317074632
1215,2.693406469174539,-1.4355978278689456
1216,7.837090539576002,-1.4843252474575481
1217,4.8704750196426385,2.40615694346486
1218,4.237553748032258,0.5066925850499799
1219,0.8244967033777705,2.063211382033398
1220,7.581960785546333,-1.2879249103180725
1221,3.9394243526781976,-1.413082445973908
1222,3.5330559486528736,1.3146751995907806
1223,7.633695700190247,-1.4839481368738754
1224,3.3844466301384672,-1.8399219281905945
1225,1.4959344484129926,2.2501892909105896
1226,8.561362348952052,-1.5700178611982212
1227,1.4259703794442031,2.170138044647225
1228,1.4605191844813241,1.8359368674412555
1229,3.7063749216214923,-1.2203791200864549
1230,4.36222742720966,0.789738375527412
1231,4.841120918779184,1.339342128995795
1232,4.079909738774654,-1.284566400720321
1233,8.45960339419133,-1.092977234341785
1234,7.812715778931112,-2.2093603459908606
1235,4.601387895254767,1.653426517255236
1236,8.190783424628018,-2.083465324680972
1237,3.653365355045229,0.8445454615477671
1238,3.2581171888452323,-1.8849065265448912
1239,7.329916994613789,-2.6365196426494704
1240,4.25707447388388,0.36544495337407623
1241,4.983635255184224,0.8976376716216476
1242,4.536155612685428,-0.04259341311285758
1243,3.9354639811416243,-0.03383904462322862
1244,0.2609302874703914,2.474895811585568
1245,5.516413464339268,1.1796125536760618
1246,8.119864736007813,-1.6440825230719522
1247,3.6340492697826416,-1.6193474522768065
1248,3.09063152066229,-1.4168468252213906
1249,8.192713909699828,-0.9177826062845114
1250,8.429267680803129,-1.4299033848887022
1251,1.0992731055351321,2.033821881303974
1252,3.8143124022520074,0.6730550881878491
1253,0.7943431843198072,2.8498827714303814
1254,7.743783337600342,-1.4772968270904898
1255,7.73198485763272,-1.6840752740578115
1256,7.639994220890577,0.4315688147059997
1257,3.5537660382933876,-1.6153162119716116
1258,2.540747713186369,-1.2826258145719565
1259,0.5607164101760043,3.0203808150021123
1260,2.7562483942623786,-1.991481061513988
1261,0.7022619786458324,1.5462752077497384
1262,6.793714933061503,-0.9140747846417727
1263,0.8104989856150753,2.2535871673738272
1264,4.397596708910778,0.7675227889508035
1265,2.973350902615008,-0.6083446026046107
1266,9.042578573517531,-0.8080988538085285
1267,3.2626476117086662,-1.8726491029580472
1268,5.583079373790656,1.1171629941157342
1269,0.8527806703297323,1.7576061210433405
1270,0.7158047078834933,2.886424449466216
1271,0.9445903685932282,2.185575301015846
1272,8.148435151985797,-0.829065634161497
1273,6.583553998328481,-0.5145293065141043
1274,8.99094345811731,-1.383929256604524
1275,4.27342520287139,1.0958501966843741
1276,0.7656181920457235,1.5753193475484792
1277,3.8889578558723077,-1.553387844530589
1278,1.8110615631562952,-1.5186549208205853
1279,3.416113864537358,-2.610055026400158
1280,4.021404732555515,0.6436843026037145
1281,5.185402589388561,1.8959376071615694
1282,7.715891982692839,-0.9999075726800104
1283,-0.30152002541208667,1.8818643948603382
1284,4.720636813641994,1.391193329188607
1285,3.9722629233983526,1.589344429899699
1286,3.5680696123785784,0.7511818085497247
1287,0.2841250251815255,2.690683874098058
1288,7.928814456622932,-0.8254701422962156
1289,1.3272269960001317,2.380833991532156
1290,1.676358820122088,2.274776794182993
1291,1.1596467447155128,3.140146607780263
1292,2.5642502401459812,-1.6958492717019666
1293,2.09643730778794,1.2021155984486158
1294,8.583477100178255,-1.1265271480805772
1295,3.89005746079827,0.49422428004219043
1296,2.051058513204576,1.2015905762570722
1297,3.2078873724014656,-1.2038418130091821
1298,1.364226142679684,2.095777635737473
1299,4.260415122912387,1.5936313741034076
1300,8.258508676538275,-1.2098412560020535
1301,7.230714133671255,-0.9110479111976413
1302,8.41864219196094,-1.6027100664921274
1303,1.442282938730676,2.8640889896877093
1304,8.143862523531233,-2.0051508228205193
1305,3.30970463137698,-2.6298100570239127
1306,0.7083017859064219,1.430907983381791
1307,0.19496738306788863,2.966523123611026
1308,8.31068491469538,-1.5787354301702543
1309,4.315354958156236,0.9152517138135721
1310,2.6834034636845145,-1.3755051543911927
1311,8.374404389083763,-1.3524207161777793
1312,7.663669047155579,-1.0269225501947508
1313,2.483425092546782,1.5034771073952808
1314,2.981314258613416,-1.2586895190904985
1315,4.6000893932169635,1.0059670675365495
1316,2.9058047990066003,-1.727178589434044
1317,2.8665132887948244,-0.9367222957483977
1318,0.268761415842653,2.4195345245825055
1319,4.550146428611414,0.9143387674703604
1320,7.1492751781364845,-1.3602703280149162
1321,0.5458716448112575,1.3037115165308866
1322,2.088835255636132,-2.9502203361297146
1323,0.38341674673523807,1.4293898226116646
1324,2.904760316059675,-2.345758951271365
1325,1.653163937704425,2.0180356459538773
1326,7.803577011976706,-1.2754857932339136
1327,1.5174571766499043,2.5839461796926573
1328,3.5251621752265088,-1.2289348941315945
1329,3.5237093742201515,-1.2963099700951581
1330,4.074581954101697,1.3821465179634689
1331,0.5917577146548494,2.8778609252075507
1332,0.9287558936273898,2.461744823040725
1333,8.096333298918218,-0.858357993938163
1334,2.768276527641932,1.6231884607750378
1335,0.4329882786754413,2.5197638873241677
1336,7.344357531285389,-2.148452800333293
1337,7.716228107856333,-0.73981076145723
1338,3.614802543468593,-1.403852038082793
1339,1.0645122887187033,2.0190950012494064
1340,2.5842912422057425,-2.1613882019028234
1341,2.8842225773285812,-1.225824160937322
1342,1.8530353722199329,-1.9180179131802597
1343,1.9837219018275665,-0.9412814980005499
1344,9.011197218765055,-1.2746827131717149
1345,2.1275773880496462,-1.6896284171560036
1346,0.9854463275385634,2.395194710923805
1347,4.341744523968589,0.051791869879720176
1348,2.6030546242835686,0.5823918735635762
1349,4.122437489175348,0.8417147179955109
1350,3.9964058936086655,-2.560840963651699
1351,2.9198155911990162,-2.481772738496724
1352,5.335540911898107,1.8882669950059587
1353,3.7694352888796936,-1.474954105122654
1354,8.095823396579767,-1.491539249030553
1355,3.690283221267028,-0.37706845909481856
1356,2.287489959380629,-1.5863089999923519
1357,8.392705170525758,-2.1648349436534144
1358,3.634249135872153,0.6170777163927035
1359,1.2325127883091362,2.6112025020131355
1360,4.615811696190911,1.1665664543221084
1361,1.0113634424666849,3.9578523854069854
1362,4.507766317729147,1.5353791030150772
1363,7.513660502922246,-1.335357921262081
1364,0.5787001151310639,1.579895524349191
1365,4.096198262028758,0.40270307825082885
1366,0.3111847335904153,2.143728162423461
1367,2.7688306773101,-1.0951031108995064
1368,1.3322847628599155,1.8117024851197878
1369,3.0456925617910553,-1.922869636283308
1370,3.4536436595726343,0.6961627509148376
1371,3.956477528589741,0.45379178903736606
1372,4.772506188474386,0.28256061945334743
1373,7.41593084818941,-0.7719275573611222
1374,3.511955091660639,-2.0303816549272335
1375,0.6846464213047124,1.8749802500816246
1376,-0.3307305078968401,2.6735304818822407
1377,3.33726028537843,2.2463446914367005
1378,7.757967926165525,-1.1948100532482122
1379,8.030579244453833,-1.3584102328284828
1380,4.8242317742613405,1.429507495944498
1381,2.943405705750997,-1.5137895982899825
1382,7.5476862065973105,-1.2976619628209616
1383,7.417216172225484,-0.5868862359933357
1384,2.378889078473913,-2.11677492346933
1385,3.9246450726452897,1.6850972393194665
1386,3.7561214421213682,-1.8157395876504854
1387,7.988289337657864,-1.813183179935579
1388,4.160159820902834,0.754760975781029
1389,8.059185620953057,-1.0598403596537884
1390,3.2018566182820023,-1.038832666153441
1391,3.331220261297882,-1.1407252479499024
1392,2.6402316735923996,1.2156978859305732
1393,0.4535815854942287,1.455958243775657
1394,4.112190277161333,1.0614419765389629
1395,3.7736723778053394,-2.10960641211654
1396,2.267826265174555,-3.2261111351672973
1397,5.306353147121705,1.0862735981010558
1398,7.631787422762726,-1.0148544903540628
1399,2.7369988724161067,-2.505635717814025
1400,4.546909775642122,1.540820647291563
1401,4.342700991254536,1.7111924170626909
1402,3.306828352779652,1.4398869808079242
1403,2.788075874355687,-1.433018259054126
1404,3.7559397966233123,0.8427066699775028
1405,4.973997100305902,0.42857674327999995
1406,7.367506066286593,-1.1014895579484671
1407,1.1982589992459047,1.2301568338425335
1408,9.04034958326777,-1.5037452945644716
1409,4.232421069277027,-1.4751979077938333
1410,7.6713265488968965,-0.5780614390969403
1411,0.8927377305761685,1.8593309348253533
1412,7.976446331375025,-1.9128439152867682
1413,0.6477642104759214,2.6312961661228345
1414,7.563457556358484,-1.494168497810042
1415,4.1432304797071815,1.5417509500787312
1416,0.6552442836273746,3.611922274093769
1417,4.795936029843198,0.3434930001554868
1418,4.822218707746979,-0.4454820645894666
1419,1.1832824900008054,1.7159688376080842
1420,0.18685170569100562,1.742319714636854
1421,5.73223453818024,0.9548092354303623
1422,3.205943080845671,1.2485392261279054
1423,0.42036332990596226,3.0025866380827706
1424,1.740882923172589,0.7862339123201936
1425,8.176693455113877,-0.2922916051761343
1426,7.745706314641397,-0.5986524054915116
1427,7.3010225058046965,-1.3545382047353445
1428,0.967918183231202,3.447747425001057
1429,0.8617068583352825,1.8223750059435282
1430,7.844548087018898,-0.7817954144698793
1431,5.44982629930781,0.45953466751367356
1432,2.4928512299302588,-1.3615040836174408
1433,2.515806722696745,-1.1944274662258436
1434,2.552907571284226,-1.9714240357443489
1435,3.7109861619521496,0.9136639836496795
1436,8.001203926853579,-1.3426389477144896
1437,2.2368734936530434,2.0717733426507796
1438,8.359423844622016,-0.886957681000512
1439,3.311716711848704,-2.048221541341477
1440,2.270865606843055,-1.3402293455657133
1441,4.20804326456063,1.3925339701605746
1442,1.124409720981022,1.9543389877726334
1443,3.2371871546081663,0.07483213691746748
1444,1.1404809333065171,2.377225433772972
1445,8.595738580013638,-1.4101844548881288
1446,7.759346491864026,-1.9028755611721784
1447,7.81631337026111,-0.8419082248963281
1448,2.7104158716634306,1.4938276853435657
1449,2.401790230378325,-1.8073686189974492
1450,4.1431255512292955,-2.1229208384757867
1451,8.119552972641472,-1.1637693836192087
1452,2.2372953050997864,-1.9113394477360248
1453,6.66325287806995,-2.0821243860838745
1454,2.9914010519251035,-1.6474485331424613
1455,4.392857076276437,1.2624090998998285
1456,0.863437939340624,2.6056004467023914
1457,3.594656236293151,-1.9536754665881684
1458,0.5910393817898709,1.0836515316943525
1459,5.225613559995868,0.5610401698758604
1460,2.750533696271179,-1.036117448869022
1461,2.9779779061874967,-1.382869855643874
1462,8.05626221120992,-0.5987009524636142
1463,2.2461053211248503,-1.9612612356570667
1464,3.846722342160366,-2.004969197005686
1465,7.235802005704682,-1.453751088896416
1466,6.478113834495311,-1.5057901144894692
1467,2.782986324571032,-0.8806815294533835
1468,1.09464443693839,1.5391100502583668
1469,8.161532079391229,-1.2349281760362598
1470,1.918308615254492,-0.378366194984217
1471,7.28313711778673,-0.5786698579301048
1472,3.495756823969857,0.17571499570484306
1473,0.45767597538773747,1.0719831371595712
1474,1.0829144050399047,1.986402326570399
1475,2.5812936594540687,-0.8477009330155075
1476,0.18460900698812532,0.3739458423978501
1477,7.753974110055382,-1.7814429446011322
1478,4.1761431593200085,0.00793137001172417
1479,4.278433036452005,2.331855448961006
1480,8.10871201020368,-1.3254083049359666
1481,3.9497527399266663,0.13269232878575554
1482,1.736401416589978,2.1987548698251502
1483,5.2995178051623135,0.5658635399041652
1484,5.235133235477527,0.615875543951822
1485,8.194175942363755,-1.7171465701232658
1486,2.553021507162109,-1.555910787489797
1487,1.183904515352056,1.4744182508341312
1488,2.572728664449452,-0.8648017531848801
1489,7.991539758604855,-1.2750154103814944
1490,8.699642200252168,-0.6394131578482841
1491,3.907852289610691,-0.19481238234246612
1492,2.6400692088676925,-1.4863234751817536
1493,2.4428283519470444,-2.344668581546711
1494,4.356840579675187,1.2906046928470185
1495,4.04109530060173,0.28778888709983363
1496,8.274236188145816,-1.7187886042667806
1497,4.01794347842253,-1.4418200297298327
1498,8.253450408243353,-0.8278477092899348
1499,9.127691720345384,-1.4652592491587613
1500,1.3046917192422192,2.6169450104195273
1501,4.19147701743289,1.0037251889273626
1502,4.530684839209695,1.0692385339646449
1503,6.888341904076926,-0.7084172872032184
1504,4.7839660970524065,0.10834925880846236
1505,3.2981850436504043,0.7908622971182218
1506,8.039474774597386,-0.8654413546488773
1507,7.951029681662361,-1.9136994138227768
1508,3.980114547423689,-0.23357389813336105
1509,3.0279524134820686,-1.5108609836171232
1510,7.306591775760516,-0.37834725952941894
1511,1.5305184150461066,2.205866391037872
1512,7.113727020931993,-1.9763699363988385
1513,4.775269623547094,1.8229733168802622
1514,2.1117468297999213,1.8453982133659559
1515,4.419439636887519,0.4248020116245288
1516,7.787100905951519,-1.9757652214394956
1517,2.3015041350878453,-2.13450788748306
1518,8.194227910476902,-0.478182752986235
1519,3.6328001728554105,0.4928941740228744
1520,5.0912695477329875,0.43782952240539674
1521,4.322885662413,0.5716704821520695
1522,0.8291283290678287,1.4076616218178808
1523,2.699380375983669,-1.1368788293914436
1524,1.9397286341239632,1.5883574085592045
1525,7.4300381296186035,-1.1811323366083712
1526,1.4957194456298262,1.3751118260498028
1527,4.443095949168556,1.0701740013257204
1528,7.247184468304301,-1.1540140970314654
1529,7.495498200858972,-0.22984788613778084
1530,1.0011663098336563,2.747777939729289
1531,0.6757829601556549,2.199017177346713
1532,4.026836564559565,0.18672563223958238
1533,8.142820051737184,-1.9071145509636853
1534,0.9114395133027077,1.54371601313049
1535,3.245276655415139,-1.7410269300372645
1536,3.7714787623413657,0.015168449162972886
1537,4.637259505898114,0.5168487618596433
1538,4.1355740303376844,0.7117164991709403
1539,3.577461530974379,0.1093059591024721
1540,7.895980253595981,-1.0165559484871287
1541,8.034115468534633,-1.749919137369008
1542,1.1055603251419932,2.742424825244413
1543,3.559925768575709,-1.9042924377766663
1544,3.261450273157597,-2.1858776720167534
1545,-0.032344853676951835,3.0443699275937854
1546,4.485270466092259,1.0161804119763957
1547,1.959616492855977,3.571088465646477
1548,3.9986106558182435,-2.0160694099037806
1549,0.3188998054141785,2.851144506852294
1550,8.092276879854415,-1.3619831757000955
1551,4.194440457174424,0.8192828111199546
1552,0.5188380668683036,2.7040931421077916
1553,4.402323980740791,1.9651510378710308
1554,3.7714451107145437,-0.9473423421460847
1555,5.176351431626175,1.0626962212430218
1556,0.8426680150777069,2.1184068036684436
1557,3.2858779971303433,-0.5938355939864648
1558,-0.14695002507740407,1.8802823296217712
1559,7.566490336146317,-2.0418956464592277
1560,7.214011379924466,-1.3611096175759403
1561,0.3934894226503529,1.8680818566831503
1562,8.981394352787001,-1.2524182394697039
1563,6.5121568026297005,-1.6628676626513714
1564,4.684806189583654,1.0762741757700125
1565,8.229014662465095,-0.9152270092998898
1566,7.403715702090824,-1.9346441945053945
1567,8.449958975305435,-1.0650633217386514
1568,3.3151268347329466,-0.2242050436310059
1569,7.488094604806474,-1.2398650538305844
1570,2.350960142900316,-1.2532058464088254
1571,0.0002559501837271494,2.477734134717827
1572,7.597545772231803,-1.8123497298695943
1573,2.9575184184050185,-1.6199254980929008
1574,4.50399192387295,1.2425880181937505
1575,8.278624233037286,-0.8466202919106254
1576,7.497474400083245,-1.3724404597003486
1577,4.234722846356054,1.5017697354988937
1578,4.085472041465916,1.3301979709872067
1579,4.517563017931764,1.4362679875335467
1580,4.573614587587586,1.1116352712291573
1581,0.5362645477882195,1.4463719767922134
1582,0.8171839902768848,1.9534125450913866
1583,3.843560064308954,-1.1844308955929612
1584,2.469398354493895,0.04544029438903818
1585,1.527119572689943,1.9616531868345055
1586,4.175287333728339,2.0860248265542767
1587,0.8279258397056474,2.359610892098647
1588,2.9950040514467515,-0.7449954362328459
1589,2.5351779274489723,-1.7841252525734026
1590,8.093687346511423,-2.247074598379499
1591,2.8369887906765103,-2.5026971759180032
1592,2.920032184905873,-1.8026798785835687
1593,6.796421207760838,-1.8284144278201908
1594,2.6121251815653084,-2.04363334526109
1595,1.4750687068265438,2.329653309465365
1596,4.277030071574876,2.183024087424377
1597,0.8149961313664744,2.2469266214317964
1598,7.999697685356429,-1.811024331903043
1599,4.007795397431074,0.12183353315697609
